{
  "content": [
    {
      "path": "ContentInfo/julysfire-airport-p52-cottonwood/Thumbnail.jpg",
      "size": 13520,
      "date": 132399197780000000
    },
    {
      "path": "scenery/global/sceneryP52/modelLibP52.BGL",
      "size": 2849650,
      "date": 132487239098554103
    },
    {
      "path": "scenery/global/sceneryP52/TEXTURE/EE.PNG.DDS",
      "size": 2935584,
      "date": 132487239046597059
    },
    {
      "path": "scenery/global/sceneryP52/TEXTURE/EE.PNG.DDS.json",
      "size": 119,
      "date": 132487239046567032
    },
    {
      "path": "scenery/global/sceneryP52/TEXTURE/ROOFCOLOR.PNG.DDS",
      "size": 22369776,
      "date": 132487239071840568
    },
    {
      "path": "scenery/global/sceneryP52/TEXTURE/ROOFCOLOR.PNG.DDS.json",
      "size": 119,
      "date": 132487239071680424
    },
    {
      "path": "scenery/global/sceneryP52/TEXTURE/ROOFNORMAL.PNG.DDS",
      "size": 22369776,
      "date": 132487239055114788
    },
    {
      "path": "scenery/global/sceneryP52/TEXTURE/ROOFNORMAL.PNG.DDS.json",
      "size": 160,
      "date": 132487239054944632
    },
    {
      "path": "scenery/global/sceneryP52/TEXTURE/SIGNCOLOR.PNG.DDS",
      "size": 23432224,
      "date": 132487239097393042
    },
    {
      "path": "scenery/global/sceneryP52/TEXTURE/SIGNCOLOR.PNG.DDS.json",
      "size": 119,
      "date": 132487239097182851
    },
    {
      "path": "scenery/global/sceneryP52/TEXTURE/SIGNNORMAL.PNG.DDS",
      "size": 23432224,
      "date": 132487239079931854
    },
    {
      "path": "scenery/global/sceneryP52/TEXTURE/SIGNNORMAL.PNG.DDS.json",
      "size": 160,
      "date": 132487239079741681
    },
    {
      "path": "scenery/world/sceneryP52/CVX0052.BGL",
      "size": 20298,
      "date": 132487239100816153
    },
    {
      "path": "scenery/world/sceneryP52/objects.bgl",
      "size": 104766,
      "date": 132487239099785219
    }
  ]
}