{
  "content": [
    {
      "path": "ContentInfo/julysfire-airport-p52-cottonwood/Thumbnail.jpg",
      "size": 13520,
      "date": 132399197780000000
    },
    {
      "path": "scenery/global/scenery/modelLib.BGL",
      "size": 2850170,
      "date": 132473666902515773
    },
    {
      "path": "scenery/global/scenery/TEXTURE/EE.PNG.DDS",
      "size": 2935584,
      "date": 132473666850432829
    },
    {
      "path": "scenery/global/scenery/TEXTURE/EE.PNG.DDS.json",
      "size": 119,
      "date": 132473666850392791
    },
    {
      "path": "scenery/global/scenery/TEXTURE/ROOFCOLOR.PNG.DDS",
      "size": 22369776,
      "date": 132473666875902457
    },
    {
      "path": "scenery/global/scenery/TEXTURE/ROOFCOLOR.PNG.DDS.json",
      "size": 119,
      "date": 132473666875682263
    },
    {
      "path": "scenery/global/scenery/TEXTURE/ROOFNORMAL.PNG.DDS",
      "size": 22369776,
      "date": 132473666858800457
    },
    {
      "path": "scenery/global/scenery/TEXTURE/ROOFNORMAL.PNG.DDS.json",
      "size": 160,
      "date": 132473666858620289
    },
    {
      "path": "scenery/global/scenery/TEXTURE/SIGNCOLOR.PNG.DDS",
      "size": 23432224,
      "date": 132473666893286445
    },
    {
      "path": "scenery/global/scenery/TEXTURE/SIGNCOLOR.PNG.DDS.json",
      "size": 119,
      "date": 132473666893096271
    },
    {
      "path": "scenery/global/scenery/TEXTURE/SIGNNORMAL.PNG.DDS",
      "size": 23432224,
      "date": 132473666901394797
    },
    {
      "path": "scenery/global/scenery/TEXTURE/SIGNNORMAL.PNG.DDS.json",
      "size": 160,
      "date": 132473666901194617
    },
    {
      "path": "scenery/world/scenery/CVX0052.BGL",
      "size": 19527,
      "date": 132473666904687386
    },
    {
      "path": "scenery/world/scenery/objects.bgl",
      "size": 104766,
      "date": 132473666903696492
    }
  ]
}