{
  "content": [
    {
      "path": "ContentInfo/julysfire-airport-p52-cottonwood/Thumbnail.jpg",
      "size": 13520,
      "date": 132399197780000000
    },
    {
      "path": "scenery/global/scenery/modelLib.BGL",
      "size": 231638,
      "date": 132441784034862175
    },
    {
      "path": "scenery/global/scenery/TEXTURE/ARR.PNG.DDS",
      "size": 22832,
      "date": 132441784027285266
    },
    {
      "path": "scenery/global/scenery/TEXTURE/ARR.PNG.DDS.json",
      "size": 119,
      "date": 132441784027275257
    },
    {
      "path": "scenery/global/scenery/TEXTURE/BLUETILE.PNG.DDS",
      "size": 1638592,
      "date": 132441784034421776
    },
    {
      "path": "scenery/global/scenery/TEXTURE/BLUETILE.PNG.DDS.json",
      "size": 102,
      "date": 132441784034361720
    },
    {
      "path": "scenery/global/scenery/TEXTURE/CEMENT.PNG.DDS",
      "size": 14064,
      "date": 132441784031569187
    },
    {
      "path": "scenery/global/scenery/TEXTURE/CEMENT.PNG.DDS.json",
      "size": 102,
      "date": 132441784031559171
    },
    {
      "path": "scenery/global/scenery/TEXTURE/EE.PNG.DDS",
      "size": 2935584,
      "date": 132441784031298939
    },
    {
      "path": "scenery/global/scenery/TEXTURE/EE.PNG.DDS.json",
      "size": 119,
      "date": 132441784031258897
    },
    {
      "path": "scenery/global/scenery/TEXTURE/GROUND.PNG.DDS",
      "size": 699192,
      "date": 132441784028696549
    },
    {
      "path": "scenery/global/scenery/TEXTURE/GROUND.PNG.DDS.json",
      "size": 102,
      "date": 132441784028676529
    },
    {
      "path": "scenery/global/scenery/TEXTURE/ONEFOUR.PNG.DDS",
      "size": 27488,
      "date": 132441784031439065
    },
    {
      "path": "scenery/global/scenery/TEXTURE/ONEFOUR.PNG.DDS.json",
      "size": 119,
      "date": 132441784031429055
    },
    {
      "path": "scenery/global/scenery/TEXTURE/THREETWO.PNG.DDS",
      "size": 36016,
      "date": 132441784034581922
    },
    {
      "path": "scenery/global/scenery/TEXTURE/THREETWO.PNG.DDS.json",
      "size": 119,
      "date": 132441784034571913
    },
    {
      "path": "scenery/world/scenery/CVX0052.BGL",
      "size": 10155,
      "date": 132441784036984116
    },
    {
      "path": "scenery/world/scenery/objects.bgl",
      "size": 212010,
      "date": 132441784036543709
    }
  ]
}