{
  "content": [
    {
      "path": "ContentInfo/julysfire-airport-p52-cottonwood/Thumbnail.jpg",
      "size": 13520,
      "date": 132399197780000000
    },
    {
      "path": "MaterialLibs/mymaterials/Library.xml",
      "size": 2667,
      "date": 132438446687161531
    },
    {
      "path": "MaterialLibs/mymaterials/Textures/AP1.PNG.DDS",
      "size": 21204,
      "date": 132438446687677376
    },
    {
      "path": "MaterialLibs/mymaterials/Textures/ap1.png.DDS.FLAGS",
      "size": 39,
      "date": 132437172143972686
    },
    {
      "path": "MaterialLibs/mymaterials/Textures/AP1.PNG.DDS.json",
      "size": 232,
      "date": 132438446687667368
    },
    {
      "path": "MaterialLibs/mymaterials/Textures/AP2.PNG.DDS",
      "size": 20340,
      "date": 132438446688928514
    },
    {
      "path": "MaterialLibs/mymaterials/Textures/ap2.png.DDS.FLAGS",
      "size": 39,
      "date": 132437176704855415
    },
    {
      "path": "MaterialLibs/mymaterials/Textures/AP2.PNG.DDS.json",
      "size": 231,
      "date": 132438446688918506
    },
    {
      "path": "MaterialLibs/mymaterials/Textures/ASPH1.PNG.DDS",
      "size": 167572,
      "date": 132438446688398030
    },
    {
      "path": "MaterialLibs/mymaterials/Textures/asph1.PNG.DDS.FLAGS",
      "size": 39,
      "date": 132437194254440124
    },
    {
      "path": "MaterialLibs/mymaterials/Textures/ASPH1.PNG.DDS.json",
      "size": 249,
      "date": 132438446688388021
    },
    {
      "path": "scenery/global/scenery/modelLib.BGL",
      "size": 231638,
      "date": 132438446698474607
    },
    {
      "path": "scenery/global/scenery/TEXTURE/ARR.PNG.DDS",
      "size": 22832,
      "date": 132438446689168732
    },
    {
      "path": "scenery/global/scenery/TEXTURE/ARR.PNG.DDS.json",
      "size": 119,
      "date": 132438446689158724
    },
    {
      "path": "scenery/global/scenery/TEXTURE/BLUETILE.PNG.DDS",
      "size": 1638592,
      "date": 132438446697313547
    },
    {
      "path": "scenery/global/scenery/TEXTURE/BLUETILE.PNG.DDS.json",
      "size": 102,
      "date": 132438446697283516
    },
    {
      "path": "scenery/global/scenery/TEXTURE/CEMENT.PNG.DDS",
      "size": 14064,
      "date": 132438446694165643
    },
    {
      "path": "scenery/global/scenery/TEXTURE/CEMENT.PNG.DDS.json",
      "size": 102,
      "date": 132438446694155640
    },
    {
      "path": "scenery/global/scenery/TEXTURE/EE.PNG.DDS",
      "size": 2935584,
      "date": 132438446693515206
    },
    {
      "path": "scenery/global/scenery/TEXTURE/EE.PNG.DDS.json",
      "size": 119,
      "date": 132438446693464853
    },
    {
      "path": "scenery/global/scenery/TEXTURE/GROUND.PNG.DDS",
      "size": 699192,
      "date": 132438446690780194
    },
    {
      "path": "scenery/global/scenery/TEXTURE/GROUND.PNG.DDS.json",
      "size": 102,
      "date": 132438446690770185
    },
    {
      "path": "scenery/global/scenery/TEXTURE/ONEFOUR.PNG.DDS",
      "size": 27488,
      "date": 132438446693895400
    },
    {
      "path": "scenery/global/scenery/TEXTURE/ONEFOUR.PNG.DDS.json",
      "size": 119,
      "date": 132438446693885391
    },
    {
      "path": "scenery/global/scenery/TEXTURE/THREETWO.PNG.DDS",
      "size": 36016,
      "date": 132438446697523734
    },
    {
      "path": "scenery/global/scenery/TEXTURE/THREETWO.PNG.DDS.json",
      "size": 119,
      "date": 132438446697503715
    },
    {
      "path": "scenery/world/scenery/CVX0052.BGL",
      "size": 7783,
      "date": 132438446700376318
    },
    {
      "path": "scenery/world/scenery/objects.bgl",
      "size": 188926,
      "date": 132438446699925911
    }
  ]
}