{
  "content": [
    {
      "path": "ContentInfo/julysfire-airport-p52-cottonwood/Thumbnail.jpg",
      "size": 24870,
      "date": 132531646570065582
    },
    {
      "path": "scenery/global/sceneryP52/modelLibP52.BGL",
      "size": 2849650,
      "date": 132531646745483827
    },
    {
      "path": "scenery/global/sceneryP52/TEXTURE/EE.PNG.DDS",
      "size": 2935584,
      "date": 132531646689282927
    },
    {
      "path": "scenery/global/sceneryP52/TEXTURE/EE.PNG.DDS.json",
      "size": 119,
      "date": 132531646689252900
    },
    {
      "path": "scenery/global/sceneryP52/TEXTURE/ROOFCOLOR.PNG.DDS",
      "size": 22369776,
      "date": 132531646716751184
    },
    {
      "path": "scenery/global/sceneryP52/TEXTURE/ROOFCOLOR.PNG.DDS.json",
      "size": 119,
      "date": 132531646716570705
    },
    {
      "path": "scenery/global/sceneryP52/TEXTURE/ROOFNORMAL.PNG.DDS",
      "size": 22369776,
      "date": 132531646699157285
    },
    {
      "path": "scenery/global/sceneryP52/TEXTURE/ROOFNORMAL.PNG.DDS.json",
      "size": 160,
      "date": 132531646698967109
    },
    {
      "path": "scenery/global/sceneryP52/TEXTURE/SIGNCOLOR.PNG.DDS",
      "size": 23432224,
      "date": 132531646744022501
    },
    {
      "path": "scenery/global/sceneryP52/TEXTURE/SIGNCOLOR.PNG.DDS.json",
      "size": 119,
      "date": 132531646743842167
    },
    {
      "path": "scenery/global/sceneryP52/TEXTURE/SIGNNORMAL.PNG.DDS",
      "size": 23432224,
      "date": 132531646725980595
    },
    {
      "path": "scenery/global/sceneryP52/TEXTURE/SIGNNORMAL.PNG.DDS.json",
      "size": 160,
      "date": 132531646725780408
    },
    {
      "path": "scenery/world/sceneryP52/CVX0052.BGL",
      "size": 20298,
      "date": 132531646748036149
    },
    {
      "path": "scenery/world/sceneryP52/objects.bgl",
      "size": 104766,
      "date": 132531646746885105
    }
  ]
}