{
  "content": [
    {
      "path": "ContentInfo/julysfire-airport-p52-cottonwood/Thumbnail.jpg",
      "size": 24870,
      "date": 132531646570065582
    },
    {
      "path": "scenery/global/sceneryP52/modelLibP52.BGL",
      "size": 2849854,
      "date": 132757602152197679
    },
    {
      "path": "scenery/global/sceneryP52/texture/EE.PNG.DDS",
      "size": 2935584,
      "date": 132757602090296952
    },
    {
      "path": "scenery/global/sceneryP52/texture/EE.PNG.DDS.json",
      "size": 119,
      "date": 132757602090296952
    },
    {
      "path": "scenery/global/sceneryP52/texture/ROOFCOLOR.PNG.DDS",
      "size": 22369776,
      "date": 132757602107765953
    },
    {
      "path": "scenery/global/sceneryP52/texture/ROOFCOLOR.PNG.DDS.json",
      "size": 119,
      "date": 132757602107564952
    },
    {
      "path": "scenery/global/sceneryP52/texture/ROOFNORMAL.PNG.DDS",
      "size": 22369776,
      "date": 132757602117545930
    },
    {
      "path": "scenery/global/sceneryP52/texture/ROOFNORMAL.PNG.DDS.json",
      "size": 160,
      "date": 132757602117345254
    },
    {
      "path": "scenery/global/sceneryP52/texture/SIGNCOLOR.PNG.DDS",
      "size": 23432224,
      "date": 132757602150611406
    },
    {
      "path": "scenery/global/sceneryP52/texture/SIGNCOLOR.PNG.DDS.json",
      "size": 119,
      "date": 132757602150411225
    },
    {
      "path": "scenery/global/sceneryP52/texture/SIGNNORMAL.PNG.DDS",
      "size": 23432224,
      "date": 132757602132630603
    },
    {
      "path": "scenery/global/sceneryP52/texture/SIGNNORMAL.PNG.DDS.json",
      "size": 160,
      "date": 132757602132394314
    },
    {
      "path": "scenery/world/sceneryP52/CVX0052.bgl",
      "size": 19868,
      "date": 132757602153704919
    },
    {
      "path": "scenery/world/sceneryP52/objects.bgl",
      "size": 104842,
      "date": 132757602153524802
    }
  ]
}