{
  "content": [
    {
      "path": "ContentInfo/julysfire-airport-p52-cottonwood/Thumbnail.jpg",
      "size": 24870,
      "date": 132531646570065582
    },
    {
      "path": "scenery/global/sceneryP52/modelLibP52.BGL",
      "size": 2849854,
      "date": 133004814531576785
    },
    {
      "path": "scenery/global/sceneryP52/texture/EE.PNG.DDS",
      "size": 2935584,
      "date": 133004814482838637
    },
    {
      "path": "scenery/global/sceneryP52/texture/EE.PNG.DDS.json",
      "size": 119,
      "date": 133004814482798615
    },
    {
      "path": "scenery/global/sceneryP52/texture/ROOFCOLOR.PNG.DDS",
      "size": 22369776,
      "date": 133004814498747358
    },
    {
      "path": "scenery/global/sceneryP52/texture/ROOFCOLOR.PNG.DDS.json",
      "size": 119,
      "date": 133004814498607235
    },
    {
      "path": "scenery/global/sceneryP52/texture/ROOFNORMAL.PNG.DDS",
      "size": 22369776,
      "date": 133004814506554063
    },
    {
      "path": "scenery/global/sceneryP52/texture/ROOFNORMAL.PNG.DDS.json",
      "size": 160,
      "date": 133004814506383903
    },
    {
      "path": "scenery/global/sceneryP52/texture/SIGNCOLOR.PNG.DDS",
      "size": 23432224,
      "date": 133004814530485792
    },
    {
      "path": "scenery/global/sceneryP52/texture/SIGNCOLOR.PNG.DDS.json",
      "size": 119,
      "date": 133004814530315640
    },
    {
      "path": "scenery/global/sceneryP52/texture/SIGNNORMAL.PNG.DDS",
      "size": 23432224,
      "date": 133004814513800629
    },
    {
      "path": "scenery/global/sceneryP52/texture/SIGNNORMAL.PNG.DDS.json",
      "size": 160,
      "date": 133004814513640486
    },
    {
      "path": "scenery/world/sceneryP52/objects.bgl",
      "size": 112788,
      "date": 133004814532817910
    }
  ]
}