{
  "content": [
    {
      "path": "ContentInfo/julysfire-airport-p52-cottonwood/Thumbnail.jpg",
      "size": 24870,
      "date": 132531646570065582
    },
    {
      "path": "scenery/global/sceneryP52/modelLibP52.BGL",
      "size": 2849854,
      "date": 132750932906805760
    },
    {
      "path": "scenery/global/sceneryP52/texture/EE.PNG.DDS",
      "size": 2935584,
      "date": 132750932844554278
    },
    {
      "path": "scenery/global/sceneryP52/texture/EE.PNG.DDS.json",
      "size": 119,
      "date": 132750932844524248
    },
    {
      "path": "scenery/global/sceneryP52/texture/ROOFCOLOR.PNG.DDS",
      "size": 22369776,
      "date": 132750932862160618
    },
    {
      "path": "scenery/global/sceneryP52/texture/ROOFCOLOR.PNG.DDS.json",
      "size": 119,
      "date": 132750932861975398
    },
    {
      "path": "scenery/global/sceneryP52/texture/ROOFNORMAL.PNG.DDS",
      "size": 22369776,
      "date": 132750932871739229
    },
    {
      "path": "scenery/global/sceneryP52/texture/ROOFNORMAL.PNG.DDS.json",
      "size": 160,
      "date": 132750932871549059
    },
    {
      "path": "scenery/global/sceneryP52/texture/SIGNCOLOR.PNG.DDS",
      "size": 23432224,
      "date": 132750932905039132
    },
    {
      "path": "scenery/global/sceneryP52/texture/SIGNCOLOR.PNG.DDS.json",
      "size": 119,
      "date": 132750932904788908
    },
    {
      "path": "scenery/global/sceneryP52/texture/SIGNNORMAL.PNG.DDS",
      "size": 23432224,
      "date": 132750932886676659
    },
    {
      "path": "scenery/global/sceneryP52/texture/SIGNNORMAL.PNG.DDS.json",
      "size": 160,
      "date": 132750932886486493
    },
    {
      "path": "scenery/world/sceneryP52/CVX0052.bgl",
      "size": 20298,
      "date": 132750932908227058
    },
    {
      "path": "scenery/world/sceneryP52/objects.bgl",
      "size": 104842,
      "date": 132750932907886749
    }
  ]
}