{
  "content": [
    {
      "path": "ContentInfo/julysfire-airport-p52-cottonwood/ContentHistory.json",
      "size": 155,
      "date": 133213322043286595
    },
    {
      "path": "ContentInfo/julysfire-airport-p52-cottonwood/Thumbnail.jpg",
      "size": 24870,
      "date": 132531646570065582
    },
    {
      "path": "scenery/global/sceneryP52/modelLibP52.BGL",
      "size": 2849982,
      "date": 133213322042055473
    },
    {
      "path": "scenery/global/sceneryP52/texture/EE.PNG.DDS",
      "size": 2935584,
      "date": 132437527461636127
    },
    {
      "path": "scenery/global/sceneryP52/texture/EE.PNG.DDS.json",
      "size": 119,
      "date": 132437527461636127
    },
    {
      "path": "scenery/global/sceneryP52/texture/ROOFCOLOR.PNG.DDS",
      "size": 22369776,
      "date": 132472831358249824
    },
    {
      "path": "scenery/global/sceneryP52/texture/ROOFCOLOR.PNG.DDS.json",
      "size": 119,
      "date": 132472831358249824
    },
    {
      "path": "scenery/global/sceneryP52/texture/ROOFNORMAL.PNG.DDS",
      "size": 22369776,
      "date": 132472831358089670
    },
    {
      "path": "scenery/global/sceneryP52/texture/ROOFNORMAL.PNG.DDS.json",
      "size": 160,
      "date": 132472831358089670
    },
    {
      "path": "scenery/global/sceneryP52/texture/SIGNCOLOR.PNG.DDS",
      "size": 23432224,
      "date": 132473613961692622
    },
    {
      "path": "scenery/global/sceneryP52/texture/SIGNCOLOR.PNG.DDS.json",
      "size": 119,
      "date": 132473613961692622
    },
    {
      "path": "scenery/global/sceneryP52/texture/SIGNNORMAL.PNG.DDS",
      "size": 23432224,
      "date": 132473613961612550
    },
    {
      "path": "scenery/global/sceneryP52/texture/SIGNNORMAL.PNG.DDS.json",
      "size": 160,
      "date": 132473613961612550
    },
    {
      "path": "scenery/world/sceneryP52/objects.bgl",
      "size": 112788,
      "date": 133213322043226540
    }
  ]
}