{
  "content": [
    {
      "path": "ContentInfo/julysfire-airport-p52-cottonwood/Thumbnail.jpg",
      "size": 24870,
      "date": 132531646570065582
    },
    {
      "path": "scenery/global/sceneryP52/modelLibP52.BGL",
      "size": 2849650,
      "date": 132532294051329787
    },
    {
      "path": "scenery/global/sceneryP52/TEXTURE/EE.PNG.DDS",
      "size": 2935584,
      "date": 132532293994089685
    },
    {
      "path": "scenery/global/sceneryP52/TEXTURE/EE.PNG.DDS.json",
      "size": 119,
      "date": 132532293994059657
    },
    {
      "path": "scenery/global/sceneryP52/TEXTURE/ROOFCOLOR.PNG.DDS",
      "size": 22369776,
      "date": 132532294021703652
    },
    {
      "path": "scenery/global/sceneryP52/TEXTURE/ROOFCOLOR.PNG.DDS.json",
      "size": 119,
      "date": 132532294021518471
    },
    {
      "path": "scenery/global/sceneryP52/TEXTURE/ROOFNORMAL.PNG.DDS",
      "size": 22369776,
      "date": 132532294004116230
    },
    {
      "path": "scenery/global/sceneryP52/TEXTURE/ROOFNORMAL.PNG.DDS.json",
      "size": 160,
      "date": 132532294003876009
    },
    {
      "path": "scenery/global/sceneryP52/TEXTURE/SIGNCOLOR.PNG.DDS",
      "size": 23432224,
      "date": 132532294049811825
    },
    {
      "path": "scenery/global/sceneryP52/TEXTURE/SIGNCOLOR.PNG.DDS.json",
      "size": 119,
      "date": 132532294049591093
    },
    {
      "path": "scenery/global/sceneryP52/TEXTURE/SIGNNORMAL.PNG.DDS",
      "size": 23432224,
      "date": 132532294031200577
    },
    {
      "path": "scenery/global/sceneryP52/TEXTURE/SIGNNORMAL.PNG.DDS.json",
      "size": 160,
      "date": 132532294030940346
    },
    {
      "path": "scenery/world/sceneryP52/CVX0052.BGL",
      "size": 20298,
      "date": 132532294053705425
    },
    {
      "path": "scenery/world/sceneryP52/objects.bgl",
      "size": 104842,
      "date": 132532294052660995
    }
  ]
}