<Library Version="1.1.0">
	<Material Version="1.4.0" Name="Apronone" Guid="{8C6FFA2A-060D-49EC-B77B-85F01240A7C2}" SurfaceType="ASPHALT" Type="CODE_DIFFUSE" Metal="0.000000" Rough="0.000000" Opacity="1.000000" BlendMode="Transparent">
		<TagList/>
		<FlagList/>
		<TextureList>
			<Texture FileName="TEXTURES\AP1.PNG.DDS" Binding="MTL_BITMAP_DECAL0"/>
		</TextureList>
		<Attributes>
			<Diffuse Red="1.000000" Green="1.000000" Blue="1.000000"/>
			<Emissive Red="0.000000" Green="0.000000" Blue="0.000000"/>
			<UVOffset U="0.000000" V="0.000000"/>
			<UVScale U="1.000000" V="1.000000"/>
			<UVRotate>0.000000</UVRotate>
			<ExtraParameters>
				<Parameter X="0.020000" Y="0.600000" Z="0.000000" W="1.000000"/>
				<Parameter X="0.000000" Y="0.000000" Z="0.000000" W="0.000000"/>
				<Parameter X="0.000000" Y="0.000000" Z="0.000000" W="0.000000"/>
			</ExtraParameters>
		</Attributes>
	</Material>
	<Material Version="1.4.0" Name="cotroad" Guid="{0E9EDCBE-8767-40C2-9642-493488CBE9D9}" SurfaceType="ASPHALT" Type="CODE_DIFFUSE" Metal="0.000000" Rough="0.000000" Opacity="1.000000" BlendMode="Transparent">
		<TagList/>
		<FlagList/>
		<TextureList>
			<Texture FileName="TEXTURES\ASPH1.PNG.DDS" Binding="MTL_BITMAP_DECAL0"/>
		</TextureList>
		<Attributes>
			<Diffuse Red="1.000000" Green="1.000000" Blue="1.000000"/>
			<Emissive Red="0.000000" Green="0.000000" Blue="0.000000"/>
			<UVOffset U="0.000000" V="0.000000"/>
			<UVScale U="1.000000" V="1.000000"/>
			<UVRotate>0.000000</UVRotate>
			<ExtraParameters>
				<Parameter X="0.020000" Y="0.600000" Z="0.000000" W="1.000000"/>
				<Parameter X="0.000000" Y="0.000000" Z="0.000000" W="0.000000"/>
				<Parameter X="0.000000" Y="0.000000" Z="0.000000" W="0.000000"/>
			</ExtraParameters>
		</Attributes>
	</Material>
	<Material Version="1.4.0" Name="Aprontwo" Guid="{1E94DE1D-0943-4F39-AE56-20CCAD8B64F5}" SurfaceType="ASPHALT" Type="CODE_DIFFUSE" Metal="0.000000" Rough="0.000000" Opacity="1.000000" BlendMode="Transparent">
		<TagList/>
		<FlagList/>
		<TextureList>
			<Texture FileName="TEXTURES\AP2.PNG.DDS" Binding="MTL_BITMAP_DECAL0"/>
		</TextureList>
		<Attributes>
			<Diffuse Red="1.000000" Green="1.000000" Blue="1.000000"/>
			<Emissive Red="0.000000" Green="0.000000" Blue="0.000000"/>
			<UVOffset U="0.000000" V="0.000000"/>
			<UVScale U="1.000000" V="1.000000"/>
			<UVRotate>0.000000</UVRotate>
			<ExtraParameters>
				<Parameter X="0.020000" Y="0.600000" Z="0.000000" W="1.000000"/>
				<Parameter X="0.000000" Y="0.000000" Z="0.000000" W="0.000000"/>
				<Parameter X="0.000000" Y="0.000000" Z="0.000000" W="0.000000"/>
			</ExtraParameters>
		</Attributes>
	</Material>
</Library>

